﻿<?xml version="1.0" encoding="utf-8" ?>

<objects xmlns="http://www.springframework.net"
         xmlns:db="http://www.springframework.net/database"
         xmlns:tx="http://www.springframework.net/tx"
         xmlns:aop="http://www.springframework.net/aop">

  <object id="throwsException"
          type="Domosti.CapaServicios.Aspectos.Excepcion, Domosti.CapaServicios.ServiciosWCF_REST">
  </object>
  <object id="throwsConcurrencia"
      type="Domosti.CapaServicios.Aspectos.Concurrencia, Domosti.CapaServicios.ServiciosWCF_REST">
  </object>

  <object id="PermisoAdmin" type="Spring.Aop.Framework.ProxyFactoryObject">
    <property name="Target">
      <object type="Domosti.CapaNegocios.Implementaciones.PermisoBl,Domosti.CapaNegocios.Logica">
        <constructor-arg ref="Repository"/>
        <constructor-arg ref="RepositoryMotivo"/>
        <constructor-arg ref="RepositoryDrv"/>
        <constructor-arg ref="RepositoryPersona"/>
        <constructor-arg ref="RepositoryNotificacion"/>
      </object>
    </property>
    <property name="InterceptorNames">
      <list>
        <value>throwsException</value>
        <value>throwsConcurrencia</value>
      </list>
    </property>
  </object>

  <object name ="Repository" type="Domosti.CapaDatos.Implementaciones.PermisoDal,Domosti.CapaDatos.AccesoDatos"/>
  <object name ="RepositoryMotivo" type="Domosti.CapaDatos.Implementaciones.MotivoAccesoDal,Domosti.CapaDatos.AccesoDatos"/>
  <object name ="RepositoryDrv" type="Domosti.CapaDatos.Implementaciones.DrvDal,Domosti.CapaDatos.AccesoDatos"/>
  <object name ="RepositoryPersona" type="Domosti.CapaDatos.Implementaciones.PersonaDal,Domosti.CapaDatos.AccesoDatos"/>
  <object name ="RepositoryNotificacion" type="Domosti.CapaDatos.Implementaciones.NotificacionDal,Domosti.CapaDatos.AccesoDatos"/>
</objects>
